[{"id": "913842042495442995", "user_id": "797339074146205706", "action_type": 25, "changes": [{"key": "$add", "new_value": [{"name": "_ReweBooster", "id": "913842040981315605"}]}]}, {"id": "913841774538129438", "user_id": "837384169235546164", "action_type": 25, "changes": [{"key": "$remove", "new_value": [{"name": "Owner", "id": "858702909969793054"}]}]}, {"id": "913840682563674224", "user_id": "837384169235546164", "action_type": 25, "changes": [{"key": "$remove", "new_value": [{"name": "MVP", "id": "866736453861244930"}]}]}, {"id": "913840676859428874", "user_id": "837384169235546164", "action_type": 25, "changes": [{"key": "$add", "new_value": [{"name": "Owner", "id": "858702909969793054"}]}]}, {"id": "913840665782276106", "user_id": "837384169235546164", "action_type": 25, "changes": [{"key": "$remove", "new_value": [{"name": "Owner", "id": "858702909969793054"}]}]}, {"id": "913103265544146985", "user_id": "837384169235546164", "action_type": 25, "changes": [{"key": "$add", "new_value": [{"name": "MVP", "id": "866736453861244930"}]}]}, {"id": "913064747891585024", "user_id": "837384169235546164", "action_type": 25, "changes": [{"key": "$add", "new_value": [{"name": "Owner", "id": "858702909969793054"}]}]}, {"id": "913063236918714408", "user_id": "797339074146205706", "action_type": 25, "changes": [{"key": "$add", "new_value": [{"name": "_Rewes Rank", "id": "913063235186466826"}]}]}, {"id": "913063070945914931", "user_id": "837384169235546164", "action_type": 25, "changes": [{"key": "$remove", "new_value": [{"name": "Owner", "id": "858702909969793054"}]}]}, {"id": "903363434043809792", "user_id": "837384169235546164", "action_type": 25, "changes": [{"key": "$add", "new_value": [{"name": "Owner", "id": "858702909969793054"}]}]}, {"id": "902976227613245450", "user_id": "837384169235546164", "action_type": 25, "changes": [{"key": "$remove", "new_value": [{"name": "Owner", "id": "858702909969793054"}]}]}, {"id": "902974517545140245", "user_id": "837384169235546164", "action_type": 25, "changes": [{"key": "$remove", "new_value": [{"name": "Bot", "id": "858712070353977418"}]}]}, {"id": "902974507994710086", "user_id": "837384169235546164", "action_type": 25, "changes": [{"key": "$add", "new_value": [{"name": "Bot", "id": "858712070353977418"}]}]}, {"id": "901807373545537577", "user_id": "837384169235546164", "action_type": 25, "changes": [{"key": "$add", "new_value": [{"name": "Owner", "id": "858702909969793054"}]}]}, {"id": "901807360299892796", "user_id": "837384169235546164", "action_type": 25, "changes": [{"key": "$remove", "new_value": [{"name": "VIP", "id": "858700808061059073"}]}]}, {"id": "901807355476451399", "user_id": "837384169235546164", "action_type": 25, "changes": [{"key": "$remove", "new_value": [{"name": "Owner", "id": "858702909969793054"}]}]}, {"id": "901807349956739073", "user_id": "837384169235546164", "action_type": 25, "changes": [{"key": "$add", "new_value": [{"name": "Owner", "id": "858702909969793054"}]}]}, {"id": "901807308995194880", "user_id": "837384169235546164", "action_type": 25, "changes": [{"key": "$remove", "new_value": [{"name": "Owner", "id": "858702909969793054"}]}]}, {"id": "901807297997725697", "user_id": "837384169235546164", "action_type": 25, "changes": [{"key": "$add", "new_value": [{"name": "VIP", "id": "858700808061059073"}]}]}, {"id": "901806872837902418", "user_id": "837384169235546164", "action_type": 24, "changes": [{"key": "nick", "new_value": "_Rewe"}]}, {"id": "901804834972373062", "user_id": "837384169235546164", "action_type": 25, "changes": [{"key": "$remove", "new_value": [{"name": "VIP", "id": "858700808061059073"}]}]}, {"id": "901804811647856660", "user_id": "837384169235546164", "action_type": 25, "changes": [{"key": "$add", "new_value": [{"name": "VIP", "id": "858700808061059073"}]}]}]