[{"id": "858700644679155784", "type": 4, "name": "Minecraft", "position": 3, "parent_id": null, "permission_overwrites": [{"id": "858700644679155783", "type": 0, "allow": "0", "deny": "1024"}, {"id": "858700808061059073", "type": 0, "allow": "1049600", "deny": "0"}, {"id": "858701265981931530", "type": 0, "allow": "1049600", "deny": "0"}, {"id": "858701975675338752", "type": 0, "allow": "1049600", "deny": "0"}, {"id": "858702507592777779", "type": 0, "allow": "1049600", "deny": "0"}, {"id": "858709012839923723", "type": 0, "allow": "1049600", "deny": "0"}, {"id": "859149244261728256", "type": 0, "allow": "1049600", "deny": "0"}, {"id": "866736453861244930", "type": 0, "allow": "1049600", "deny": "0"}], "nsfw": false}, {"id": "858700644679155785", "type": 4, "name": "Sprachkan\u00e4le", "position": 4, "parent_id": null, "permission_overwrites": [{"id": "858700644679155783", "type": 0, "allow": "0", "deny": "1024"}, {"id": "858700808061059073", "type": 0, "allow": "1049600", "deny": "0"}, {"id": "858701265981931530", "type": 0, "allow": "1049600", "deny": "0"}, {"id": "858701975675338752", "type": 0, "allow": "1049600", "deny": "0"}, {"id": "858702507592777779", "type": 0, "allow": "1049600", "deny": "0"}, {"id": "859149244261728256", "type": 0, "allow": "1049600", "deny": "0"}, {"id": "866736453861244930", "type": 0, "allow": "1049600", "deny": "0"}], "nsfw": false}, {"id": "858721795867148288", "last_message_id": "913467788125937747", "type": 0, "name": "news", "position": 6, "parent_id": "858700644679155784", "topic": "<:g_letter_n:810834752390692895><:g_letter_e:810834430289510400><:g_letter_w:810835123611893770><:g_letter_s:810834996276756481>", "permission_overwrites": [{"id": "858700644679155783", "type": 0, "allow": "0", "deny": "3072"}, {"id": "858700808061059073", "type": 0, "allow": "1024", "deny": "0"}, {"id": "858701265981931530", "type": 0, "allow": "1024", "deny": "0"}, {"id": "858701975675338752", "type": 0, "allow": "1024", "deny": "0"}, {"id": "858702507592777779", "type": 0, "allow": "1024", "deny": "0"}, {"id": "858702909969793054", "type": 0, "allow": "2048", "deny": "0"}, {"id": "858709012839923723", "type": 0, "allow": "1024", "deny": "0"}, {"id": "859097969801822269", "type": 0, "allow": "1024", "deny": "0"}, {"id": "859114327533551637", "type": 0, "allow": "1024", "deny": "0"}, {"id": "859149244261728256", "type": 0, "allow": "1024", "deny": "0"}, {"id": "866736453861244930", "type": 0, "allow": "1024", "deny": "0"}], "nsfw": false, "rate_limit_per_user": 0, "banner": null}, {"id": "858726496331890728", "last_message_id": "912388099789688903", "type": 0, "name": "memes", "position": 8, "parent_id": "858700644679155784", "topic": "<:g_letter_m:810834736473047090><:g_letter_e:810834430289510400><:g_letter_m:810834736473047090><:g_letter_e:810834430289510400><:g_letter_s:810834996276756481>", "permission_overwrites": [{"id": "858700644679155783", "type": 0, "allow": "0", "deny": "0"}, {"id": "858702507592777779", "type": 0, "allow": "1049600", "deny": "0"}, {"id": "887698005375991808", "type": 0, "allow": "34816", "deny": "0"}], "nsfw": false, "rate_limit_per_user": 15, "banner": null}, {"id": "859105933732479006", "last_message_id": null, "type": 2, "name": "Allgemein", "position": 0, "parent_id": "858700644679155785", "bitrate": 50000, "user_limit": 45, "rtc_region": null, "permission_overwrites": [{"id": "858700644679155783", "type": 0, "allow": "0", "deny": "1024"}, {"id": "858700808061059073", "type": 0, "allow": "1049600", "deny": "0"}, {"id": "858701265981931530", "type": 0, "allow": "1049600", "deny": "0"}, {"id": "858701975675338752", "type": 0, "allow": "1049600", "deny": "0"}, {"id": "858702507592777779", "type": 0, "allow": "1049600", "deny": "0"}, {"id": "859149244261728256", "type": 0, "allow": "1049600", "deny": "0"}, {"id": "866736453861244930", "type": 0, "allow": "1049600", "deny": "0"}], "nsfw": false}, {"id": "859106343423574016", "last_message_id": null, "type": 2, "name": "Allgemein (High Quality)", "position": 1, "parent_id": "858700644679155785", "bitrate": 128000, "user_limit": 45, "rtc_region": null, "video_quality_mode": 2, "permission_overwrites": [{"id": "858700644679155783", "type": 0, "allow": "0", "deny": "1024"}, {"id": "858700808061059073", "type": 0, "allow": "1049600", "deny": "0"}, {"id": "858701265981931530", "type": 0, "allow": "1049600", "deny": "0"}, {"id": "858701975675338752", "type": 0, "allow": "1049600", "deny": "0"}, {"id": "858702507592777779", "type": 0, "allow": "1049600", "deny": "0"}, {"id": "859149244261728256", "type": 0, "allow": "1049600", "deny": "0"}, {"id": "866736453861244930", "type": 0, "allow": "1049600", "deny": "0"}], "nsfw": false}, {"id": "859106518149365780", "last_message_id": null, "type": 2, "name": "Video 1", "position": 4, "parent_id": "858700644679155785", "bitrate": 50000, "user_limit": 20, "rtc_region": null, "video_quality_mode": 1, "permission_overwrites": [{"id": "858700644679155783", "type": 0, "allow": "0", "deny": "1024"}, {"id": "858700808061059073", "type": 0, "allow": "1049600", "deny": "0"}, {"id": "858701265981931530", "type": 0, "allow": "1049600", "deny": "0"}, {"id": "858701975675338752", "type": 0, "allow": "1049600", "deny": "0"}, {"id": "858702507592777779", "type": 0, "allow": "1049600", "deny": "0"}, {"id": "859149244261728256", "type": 0, "allow": "1049600", "deny": "0"}, {"id": "866736453861244930", "type": 0, "allow": "1049600", "deny": "0"}], "nsfw": false}, {"id": "859106962587254784", "last_message_id": null, "type": 2, "name": "Staff", "position": 9, "parent_id": "859162458287898646", "bitrate": 50000, "user_limit": 0, "rtc_region": null, "video_quality_mode": 2, "permission_overwrites": [{"id": "858700644679155783", "type": 0, "allow": "0", "deny": "1049600"}, {"id": "858701975675338752", "type": 0, "allow": "1049600", "deny": "0"}, {"id": "858702507592777779", "type": 0, "allow": "1049600", "deny": "0"}], "nsfw": false}, {"id": "859107627300028446", "last_message_id": null, "type": 2, "name": "Staff (High Quality)", "position": 10, "parent_id": "859162458287898646", "bitrate": 128000, "user_limit": 0, "rtc_region": null, "permission_overwrites": [{"id": "858700644679155783", "type": 0, "allow": "0", "deny": "1049600"}, {"id": "858701975675338752", "type": 0, "allow": "1049600", "deny": "0"}, {"id": "858702507592777779", "type": 0, "allow": "1049600", "deny": "0"}], "nsfw": false}, {"id": "859114560635142195", "type": 4, "name": "Temp Channels", "position": 5, "parent_id": null, "permission_overwrites": [], "nsfw": false}, {"id": "859114561370193920", "last_message_id": null, "type": 2, "name": "Tempchannel Creator", "position": 8, "parent_id": "859114560635142195", "bitrate": 64000, "user_limit": 0, "rtc_region": null, "permission_overwrites": [{"id": "858700644679155783", "type": 0, "allow": "0", "deny": "1049600"}, {"id": "858700808061059073", "type": 0, "allow": "1049600", "deny": "0"}, {"id": "858701265981931530", "type": 0, "allow": "1049600", "deny": "0"}, {"id": "858701975675338752", "type": 0, "allow": "1049600", "deny": "0"}, {"id": "858702507592777779", "type": 0, "allow": "1049600", "deny": "0"}, {"id": "866736453861244930", "type": 0, "allow": "1049600", "deny": "0"}], "nsfw": false}, {"id": "859140815317499934", "last_message_id": "859142781041901608", "type": 0, "name": "off-topic", "position": 13, "parent_id": "858700644679155784", "topic": null, "permission_overwrites": [{"id": "858700644679155783", "type": 0, "allow": "0", "deny": "0"}, {"id": "858700808061059073", "type": 0, "allow": "1049600", "deny": "0"}, {"id": "858701265981931530", "type": 0, "allow": "1049600", "deny": "0"}, {"id": "858701975675338752", "type": 0, "allow": "1049600", "deny": "0"}, {"id": "858702507592777779", "type": 0, "allow": "1049600", "deny": "0"}, {"id": "859149244261728256", "type": 0, "allow": "1049600", "deny": "0"}, {"id": "866736453861244930", "type": 0, "allow": "1049600", "deny": "0"}], "nsfw": false, "rate_limit_per_user": 0, "banner": null}, {"id": "859142910623744020", "last_message_id": "912410514951381034", "type": 0, "name": "staff", "position": 16, "parent_id": "859162458287898646", "topic": null, "permission_overwrites": [{"id": "858700644679155783", "type": 0, "allow": "0", "deny": "1024"}, {"id": "858701975675338752", "type": 0, "allow": "1024", "deny": "0"}, {"id": "858702507592777779", "type": 0, "allow": "1024", "deny": "0"}], "nsfw": false, "rate_limit_per_user": 0, "banner": null}, {"id": "859143042887057418", "last_message_id": null, "type": 2, "name": "Allgemein (Low Quality)", "position": 2, "parent_id": "858700644679155785", "bitrate": 30000, "user_limit": 30, "rtc_region": null, "permission_overwrites": [{"id": "858700644679155783", "type": 0, "allow": "0", "deny": "1024"}, {"id": "858700808061059073", "type": 0, "allow": "1049600", "deny": "0"}, {"id": "858701265981931530", "type": 0, "allow": "1049600", "deny": "0"}, {"id": "858701975675338752", "type": 0, "allow": "1049600", "deny": "0"}, {"id": "858702507592777779", "type": 0, "allow": "1049600", "deny": "0"}, {"id": "859149244261728256", "type": 0, "allow": "1049600", "deny": "0"}, {"id": "866736453861244930", "type": 0, "allow": "1049600", "deny": "0"}], "nsfw": false}, {"id": "859143906188722176", "last_message_id": null, "type": 2, "name": "Video 2", "position": 5, "parent_id": "858700644679155785", "bitrate": 70000, "user_limit": 20, "rtc_region": null, "permission_overwrites": [{"id": "858700644679155783", "type": 0, "allow": "0", "deny": "1024"}, {"id": "858700808061059073", "type": 0, "allow": "1049600", "deny": "0"}, {"id": "858701265981931530", "type": 0, "allow": "1049600", "deny": "0"}, {"id": "858701975675338752", "type": 0, "allow": "1049600", "deny": "0"}, {"id": "858702507592777779", "type": 0, "allow": "1049600", "deny": "0"}, {"id": "859149244261728256", "type": 0, "allow": "1049600", "deny": "0"}, {"id": "866736453861244930", "type": 0, "allow": "1049600", "deny": "0"}], "nsfw": false}, {"id": "859144162909093945", "last_message_id": "912767608242200627", "type": 0, "name": "gelaber", "position": 7, "parent_id": "858700644679155784", "topic": "<:g_letter_g:810834504062861322><:g_letter_e:810834430289510400><:g_letter_l:810834690470576149><:g_letter_a:810834044022685696><:g_letter_b:810834057671344149><:g_letter_e:810834430289510400><:g_letter_r:810834942732533772>", "permission_overwrites": [{"id": "858700644679155783", "type": 0, "allow": "0", "deny": "1024"}, {"id": "858700808061059073", "type": 0, "allow": "1049600", "deny": "0"}, {"id": "858701265981931530", "type": 0, "allow": "1049600", "deny": "0"}, {"id": "858701975675338752", "type": 0, "allow": "1049600", "deny": "0"}, {"id": "858702507592777779", "type": 0, "allow": "1049600", "deny": "0"}, {"id": "858709012839923723", "type": 0, "allow": "1049600", "deny": "0"}, {"id": "859149244261728256", "type": 0, "allow": "1049600", "deny": "0"}, {"id": "866736453861244930", "type": 0, "allow": "1049600", "deny": "0"}, {"id": "887698005375991808", "type": 0, "allow": "32768", "deny": "0"}], "nsfw": false, "rate_limit_per_user": 5, "banner": null}, {"id": "859161805675167765", "last_message_id": null, "type": 2, "name": "Vip", "position": 6, "parent_id": "858700644679155785", "bitrate": 70000, "user_limit": 50, "rtc_region": null, "permission_overwrites": [{"id": "858700644679155783", "type": 0, "allow": "0", "deny": "1049600"}, {"id": "858700808061059073", "type": 0, "allow": "1049600", "deny": "0"}, {"id": "858701265981931530", "type": 0, "allow": "1049600", "deny": "0"}, {"id": "858701975675338752", "type": 0, "allow": "1049600", "deny": "0"}, {"id": "858702507592777779", "type": 0, "allow": "1049600", "deny": "0"}], "nsfw": false}, {"id": "859161906366775336", "last_message_id": null, "type": 0, "name": "rund-um-minecraft", "position": 12, "parent_id": "858700644679155784", "topic": null, "permission_overwrites": [{"id": "858700644679155783", "type": 0, "allow": "0", "deny": "1024"}, {"id": "858700808061059073", "type": 0, "allow": "1049600", "deny": "0"}, {"id": "858701265981931530", "type": 0, "allow": "1049600", "deny": "0"}, {"id": "858701975675338752", "type": 0, "allow": "1049600", "deny": "0"}, {"id": "858702507592777779", "type": 0, "allow": "1049600", "deny": "0"}, {"id": "858709012839923723", "type": 0, "allow": "1049600", "deny": "0"}, {"id": "859149244261728256", "type": 0, "allow": "1049600", "deny": "0"}, {"id": "866736453861244930", "type": 0, "allow": "1049600", "deny": "0"}], "nsfw": false, "rate_limit_per_user": 0, "banner": null}, {"id": "859161962549739550", "last_message_id": "913474748548268057", "type": 0, "name": "willkommen", "position": 2, "parent_id": "859162080246890571", "topic": null, "permission_overwrites": [{"id": "858700644679155783", "type": 0, "allow": "0", "deny": "2048"}, {"id": "858700808061059073", "type": 0, "allow": "0", "deny": "2048"}, {"id": "858701265981931530", "type": 0, "allow": "0", "deny": "2048"}, {"id": "858701975675338752", "type": 0, "allow": "0", "deny": "2048"}, {"id": "858702507592777779", "type": 0, "allow": "2048", "deny": "0"}, {"id": "858702909969793054", "type": 0, "allow": "2048", "deny": "0"}, {"id": "866736453861244930", "type": 0, "allow": "0", "deny": "2048"}], "nsfw": false, "rate_limit_per_user": 0, "banner": null}, {"id": "859162080246890571", "type": 4, "name": "Willkommen", "position": 1, "parent_id": null, "permission_overwrites": [], "nsfw": false}, {"id": "859162458287898646", "type": 4, "name": "Staff", "position": 6, "parent_id": null, "permission_overwrites": [], "nsfw": false}, {"id": "887694268414701578", "last_message_id": "913499910408663090", "type": 0, "name": "regeln", "position": 0, "parent_id": "859162080246890571", "topic": null, "permission_overwrites": [{"id": "858700644679155783", "type": 0, "allow": "0", "deny": "2112"}, {"id": "887698005375991808", "type": 0, "allow": "0", "deny": "64"}, {"id": "887699576914587688", "type": 0, "allow": "0", "deny": "1024"}], "nsfw": false, "rate_limit_per_user": 0, "banner": null}, {"id": "887694268414701579", "last_message_id": "896086957032108082", "type": 0, "name": "moderator-only", "position": 15, "parent_id": "859162458287898646", "topic": null, "permission_overwrites": [{"id": "858700644679155783", "type": 0, "allow": "0", "deny": "1024"}], "nsfw": false, "rate_limit_per_user": 0, "banner": null}, {"id": "887792108377870397", "last_message_id": "908706262651383861", "last_pin_timestamp": "2021-10-23T22:09:49+00:00", "type": 0, "name": "handel", "position": 10, "parent_id": "858700644679155784", "topic": "<:CaveCoin100:898647279852998717> <:g_letter_h:810834514875645952><:g_letter_a:810834044022685696><:g_letter_n:810834752390692895><:g_letter_d:810834256988602398><:g_letter_e:810834430289510400><:g_letter_l:810834690470576149> <:CaveCoin100:898647279852998717>", "permission_overwrites": [{"id": "858700644679155783", "type": 0, "allow": "0", "deny": "65536"}, {"id": "858700808061059073", "type": 0, "allow": "1049600", "deny": "0"}, {"id": "858701265981931530", "type": 0, "allow": "1049600", "deny": "0"}, {"id": "858701975675338752", "type": 0, "allow": "1049600", "deny": "0"}, {"id": "858702507592777779", "type": 0, "allow": "1049600", "deny": "0"}, {"id": "859149244261728256", "type": 0, "allow": "1115136", "deny": "0"}, {"id": "866736453861244930", "type": 0, "allow": "1049600", "deny": "0"}], "nsfw": false, "rate_limit_per_user": 0, "banner": null}, {"id": "889892371725172736", "last_message_id": "902551176770359336", "type": 5, "name": "announcements", "position": 1, "parent_id": "859162080246890571", "topic": null, "permission_overwrites": [{"id": "858700644679155783", "type": 0, "allow": "0", "deny": "2048"}], "nsfw": false, "banner": null}, {"id": "889892927407554663", "type": 13, "name": "Events", "position": 7, "parent_id": "858700644679155785", "topic": null, "bitrate": 64000, "user_limit": 10000, "rtc_region": null, "permission_overwrites": [{"id": "858701265981931530", "type": 0, "allow": "20971536", "deny": "0"}, {"id": "858701975675338752", "type": 0, "allow": "20971536", "deny": "0"}], "nsfw": false}, {"id": "895370023286243338", "last_message_id": "912729614340743279", "type": 0, "name": "support", "position": 3, "parent_id": "896792578073194497", "topic": null, "permission_overwrites": [], "nsfw": false, "rate_limit_per_user": 0, "banner": null}, {"id": "896790680880447499", "type": 4, "name": "Tickets", "position": 0, "parent_id": null, "permission_overwrites": [], "nsfw": false}, {"id": "896792578073194497", "type": 4, "name": "Support", "position": 2, "parent_id": null, "permission_overwrites": [], "nsfw": false}, {"id": "898531871552581702", "last_message_id": "898543151227207721", "type": 0, "name": "entbannantr\u00e4ge", "position": 4, "parent_id": "896792578073194497", "topic": null, "permission_overwrites": [], "nsfw": false, "rate_limit_per_user": 0, "banner": null}, {"id": "901516070463094805", "last_message_id": "912796767878254632", "type": 0, "name": "cavecraft", "position": 5, "parent_id": "858700644679155784", "topic": "<:g_letter_c:810834244745691137><:g_letter_a:810834044022685696><:g_letter_v:810835068208939019><:g_letter_e:810834430289510400><:g_letter_c:810834244745691137><:g_letter_r:810834942732533772><:g_letter_a:810834044022685696><:g_letter_f:810834439122321476><:g_letter_t:810835007950028830>", "permission_overwrites": [{"id": "858700644679155783", "type": 0, "allow": "1024", "deny": "0"}, {"id": "858700808061059073", "type": 0, "allow": "1049600", "deny": "0"}, {"id": "858701265981931530", "type": 0, "allow": "1049600", "deny": "0"}, {"id": "858701975675338752", "type": 0, "allow": "1049600", "deny": "0"}, {"id": "858702507592777779", "type": 0, "allow": "1049600", "deny": "0"}, {"id": "859149244261728256", "type": 0, "allow": "1049600", "deny": "0"}, {"id": "866736453861244930", "type": 0, "allow": "1049600", "deny": "0"}], "nsfw": false, "rate_limit_per_user": 0, "banner": null}, {"id": "901517793453813810", "last_message_id": "906569371940454431", "type": 0, "name": "giveaways", "position": 9, "parent_id": "858700644679155784", "topic": "<:yay:901394274464182312> <:g_letter_g:810834504062861322><:g_letter_i:810834594214576148><:g_letter_v:810835068208939019><:g_letter_e:810834430289510400><:g_letter_a:810834044022685696><:g_letter_w:810835123611893770><:g_letter_a:810834044022685696><:g_letter_y:810835199436128256><:g_letter_s:810834996276756481> <:yay:901394274464182312>", "permission_overwrites": [{"id": "858700644679155783", "type": 0, "allow": "0", "deny": "1024"}, {"id": "858700808061059073", "type": 0, "allow": "1049600", "deny": "2048"}, {"id": "858701265981931530", "type": 0, "allow": "1049600", "deny": "2048"}, {"id": "858701975675338752", "type": 0, "allow": "1049600", "deny": "0"}, {"id": "858702507592777779", "type": 0, "allow": "1049600", "deny": "0"}, {"id": "858709012839923723", "type": 0, "allow": "1049600", "deny": "0"}, {"id": "859149244261728256", "type": 0, "allow": "1049600", "deny": "2048"}, {"id": "866736453861244930", "type": 0, "allow": "1049600", "deny": "2048"}], "nsfw": false, "rate_limit_per_user": 0, "banner": null}, {"id": "901800114056753172", "last_message_id": "905801912308363305", "type": 0, "name": "systemmsg", "position": 17, "parent_id": "859162458287898646", "topic": "1/100 players online | 4 unique players ever joined | Server online for 1800 minutes | Last update: Fri, 5. Nov 2021 00:09:30 CET", "permission_overwrites": [{"id": "858700644679155783", "type": 0, "allow": "0", "deny": "1024"}, {"id": "858702507592777779", "type": 0, "allow": "1024", "deny": "0"}], "nsfw": false, "rate_limit_per_user": 0, "banner": null}, {"id": "901800709392044092", "last_message_id": "913825621199691786", "last_pin_timestamp": "2021-11-08T18:29:12+00:00", "type": 0, "name": "minecraft-chat", "position": 11, "parent_id": "858700644679155784", "topic": "0/100 Spielern online | 6 Spieler | Server online f\u00fcr 11290 Minuten | Letzte \u00dcberpr\u00fcfung: Sat, 27. Nov 2021 14:36:02 CET", "permission_overwrites": [{"id": "858700644679155783", "type": 0, "allow": "0", "deny": "3136"}, {"id": "858700808061059073", "type": 0, "allow": "1024", "deny": "0"}, {"id": "858701265981931530", "type": 0, "allow": "1024", "deny": "0"}, {"id": "858701975675338752", "type": 0, "allow": "1024", "deny": "0"}, {"id": "858702507592777779", "type": 0, "allow": "1024", "deny": "0"}, {"id": "858702909969793054", "type": 0, "allow": "0", "deny": "0"}, {"id": "858712070353977418", "type": 0, "allow": "0", "deny": "0"}, {"id": "859149244261728256", "type": 0, "allow": "1024", "deny": "0"}, {"id": "866736453861244930", "type": 0, "allow": "1024", "deny": "0"}], "nsfw": false, "rate_limit_per_user": 0, "banner": null}, {"id": "901893796210548827", "last_message_id": "913846739889438780", "last_pin_timestamp": "2021-10-24T18:09:11+00:00", "type": 0, "name": "botspam", "position": 14, "parent_id": "858700644679155784", "topic": "Dieser Kanal dient zum Verwenden von Bot-Befehlen", "permission_overwrites": [{"id": "858700644679155783", "type": 0, "allow": "0", "deny": "0"}, {"id": "858700808061059073", "type": 0, "allow": "1024", "deny": "0"}, {"id": "858701265981931530", "type": 0, "allow": "1024", "deny": "0"}, {"id": "858701975675338752", "type": 0, "allow": "1024", "deny": "0"}, {"id": "858702507592777779", "type": 0, "allow": "1024", "deny": "0"}, {"id": "866736453861244930", "type": 0, "allow": "1024", "deny": "0"}], "nsfw": false, "rate_limit_per_user": 0, "banner": null}, {"id": "909118669638995998", "last_message_id": "913879252846387230", "type": 0, "name": "_rewe-privat", "position": 18, "parent_id": "859162458287898646", "topic": null, "permission_overwrites": [{"id": "858700644679155783", "type": 0, "allow": "0", "deny": "1024"}], "nsfw": false, "rate_limit_per_user": 0, "banner": null}, {"id": "911724453262676111", "last_message_id": "913790530641625129", "type": 0, "name": "mgs-news", "position": 19, "parent_id": "859162458287898646", "topic": null, "permission_overwrites": [{"id": "858700644679155783", "type": 0, "allow": "0", "deny": "1024"}, {"id": "858701975675338752", "type": 0, "allow": "1024", "deny": "0"}], "nsfw": false, "rate_limit_per_user": 0, "banner": null}, {"id": "912731119395409920", "last_message_id": null, "type": 2, "name": "Video (128kbps)", "position": 3, "parent_id": "858700644679155785", "bitrate": 128000, "user_limit": 20, "rtc_region": null, "permission_overwrites": [{"id": "858700644679155783", "type": 0, "allow": "0", "deny": "1024"}, {"id": "858700808061059073", "type": 0, "allow": "1049600", "deny": "0"}, {"id": "858701265981931530", "type": 0, "allow": "1049600", "deny": "0"}, {"id": "858701975675338752", "type": 0, "allow": "1049600", "deny": "0"}, {"id": "858702507592777779", "type": 0, "allow": "1049600", "deny": "0"}, {"id": "859149244261728256", "type": 0, "allow": "1049600", "deny": "0"}, {"id": "866736453861244930", "type": 0, "allow": "1049600", "deny": "0"}], "nsfw": false}]