[{"name": "CcCube", "roles": [], "id": "858703237069668423", "require_colons": true, "managed": false, "animated": false, "available": true, "user_id": "837384169235546164"}, {"name": "Vent_animiert", "roles": [], "id": "858703377142644808", "require_colons": true, "managed": false, "animated": true, "available": true, "user_id": "837384169235546164"}, {"name": "Vent", "roles": [], "id": "858703456340541460", "require_colons": true, "managed": false, "animated": false, "available": true, "user_id": "837384169235546164"}, {"name": "Vent_offen", "roles": [], "id": "858703542159671327", "require_colons": true, "managed": false, "animated": false, "available": true, "user_id": "837384169235546164"}, {"name": "Vent_loch", "roles": [], "id": "858703602364710982", "require_colons": true, "managed": false, "animated": false, "available": true, "user_id": "837384169235546164"}, {"name": "Vent_kaputt", "roles": [], "id": "858703709705732116", "require_colons": true, "managed": false, "animated": false, "available": true, "user_id": "837384169235546164"}, {"name": "ban", "roles": [], "id": "858704991326044191", "require_colons": true, "managed": false, "animated": false, "available": true, "user_id": "837384169235546164"}, {"name": "Bannhammer", "roles": [], "id": "858705034825170994", "require_colons": true, "managed": false, "animated": false, "available": true, "user_id": "837384169235546164"}, {"name": "Grasblock", "roles": [], "id": "858705127691124757", "require_colons": true, "managed": false, "animated": false, "available": true, "user_id": "837384169235546164"}, {"name": "PVP", "roles": [], "id": "858708702248697897", "require_colons": true, "managed": false, "animated": false, "available": true, "user_id": "837384169235546164"}, {"name": "party_potato", "roles": [], "id": "858708748155617280", "require_colons": true, "managed": false, "animated": true, "available": true, "user_id": "837384169235546164"}, {"name": "Jail", "roles": [], "id": "858792617542418432", "require_colons": true, "managed": false, "animated": false, "available": true, "user_id": "837384169235546164"}, {"name": "goldengg", "roles": [], "id": "864803123415220234", "require_colons": true, "managed": false, "animated": false, "available": true, "user_id": "837384169235546164"}, {"name": "gg", "roles": [], "id": "864901320107884554", "require_colons": true, "managed": false, "animated": false, "available": true, "user_id": "837384169235546164"}, {"name": "creeper", "roles": [], "id": "864902017264254996", "require_colons": true, "managed": false, "animated": false, "available": true, "user_id": "837384169235546164"}, {"name": "chargedcreeper", "roles": [], "id": "864903047342850068", "require_colons": true, "managed": false, "animated": false, "available": true, "user_id": "837384169235546164"}, {"name": "lauern", "roles": [], "id": "864903583736135690", "require_colons": true, "managed": false, "animated": false, "available": true, "user_id": "837384169235546164"}, {"name": "end", "roles": [], "id": "864905363500433448", "require_colons": true, "managed": false, "animated": false, "available": true, "user_id": "837384169235546164"}, {"name": "nether", "roles": [], "id": "864905409890746438", "require_colons": true, "managed": false, "animated": false, "available": true, "user_id": "837384169235546164"}, {"name": "bedrock", "roles": [], "id": "864905460184514590", "require_colons": true, "managed": false, "animated": false, "available": true, "user_id": "837384169235546164"}, {"name": "griefing", "roles": [], "id": "864906049219985409", "require_colons": true, "managed": false, "animated": false, "available": true, "user_id": "837384169235546164"}, {"name": "xD", "roles": [], "id": "865580476848144465", "require_colons": true, "managed": false, "animated": false, "available": true, "user_id": "837384169235546164"}, {"name": "verzaubertes_buch", "roles": [], "id": "865913624094834698", "require_colons": true, "managed": false, "animated": false, "available": true, "user_id": "837384169235546164"}, {"name": "cosmetics", "roles": [], "id": "865916036653383690", "require_colons": true, "managed": false, "animated": false, "available": true, "user_id": "858807113122971648"}, {"name": "_Rewe_pmc", "roles": [], "id": "869501184203980830", "require_colons": true, "managed": false, "animated": true, "available": true, "user_id": "837384169235546164"}, {"name": "troll", "roles": [], "id": "887338221938286612", "require_colons": true, "managed": false, "animated": false, "available": true, "user_id": "837384169235546164"}, {"name": "trolltrain", "roles": [], "id": "887338310618447903", "require_colons": true, "managed": false, "animated": true, "available": true, "user_id": "837384169235546164"}, {"name": "Loading_Block", "roles": [], "id": "887693735582912512", "require_colons": true, "managed": false, "animated": true, "available": true, "user_id": "837384169235546164"}, {"name": "vip", "roles": [], "id": "892847810666455040", "require_colons": true, "managed": false, "animated": false, "available": true, "user_id": "837384169235546164"}, {"name": "Bug", "roles": [], "id": "895367219016511509", "require_colons": true, "managed": false, "animated": false, "available": true, "user_id": "837384169235546164"}, {"name": "dontpingeveryone", "roles": [], "id": "895373606534676521", "require_colons": true, "managed": false, "animated": true, "available": true, "user_id": "837384169235546164"}, {"name": "ServerOffline", "roles": [], "id": "895373773774127135", "require_colons": true, "managed": false, "animated": false, "available": true, "user_id": "837384169235546164"}, {"name": "Plotsquared", "roles": [], "id": "895388804477767691", "require_colons": true, "managed": false, "animated": false, "available": true, "user_id": "837384169235546164"}, {"name": "key", "roles": [], "id": "895393078813278209", "require_colons": true, "managed": false, "animated": false, "available": true, "user_id": "837384169235546164"}, {"name": "MGServerPartner", "roles": [], "id": "895735152750243850", "require_colons": true, "managed": false, "animated": false, "available": true, "user_id": "837384169235546164"}, {"name": "MGServers", "roles": [], "id": "895735499610792007", "require_colons": true, "managed": false, "animated": false, "available": true, "user_id": "837384169235546164"}, {"name": "CaveCoin1000", "roles": [], "id": "898647279823630408", "require_colons": true, "managed": false, "animated": false, "available": true, "user_id": "837384169235546164"}, {"name": "CaveCoin100", "roles": [], "id": "898647279852998717", "require_colons": true, "managed": false, "animated": false, "available": true, "user_id": "837384169235546164"}, {"name": "CaveCoin10", "roles": [], "id": "898647280004005998", "require_colons": true, "managed": false, "animated": false, "available": true, "user_id": "837384169235546164"}, {"name": "CaveCoin1", "roles": [], "id": "898647280054329405", "require_colons": true, "managed": false, "animated": false, "available": true, "user_id": "837384169235546164"}, {"name": "RedVented", "roles": [], "id": "901858552010924084", "require_colons": true, "managed": false, "animated": true, "available": true, "user_id": "837384169235546164"}, {"name": "Vent_rotumrandet", "roles": [], "id": "901858725999022133", "require_colons": true, "managed": false, "animated": false, "available": true, "user_id": "837384169235546164"}, {"name": "Partner", "roles": [], "id": "909426214710681621", "require_colons": true, "managed": false, "animated": false, "available": true, "user_id": "837384169235546164"}, {"name": "Partneranimated", "roles": [], "id": "912368413266038794", "require_colons": true, "managed": false, "animated": true, "available": true, "user_id": "837384169235546164"}, {"name": "ShinyDiamond", "roles": [], "id": "912402071750320139", "require_colons": true, "managed": false, "animated": true, "available": true, "user_id": "837384169235546164"}, {"name": "PinsTriggered", "roles": [], "id": "912407344007217223", "require_colons": true, "managed": false, "animated": true, "available": true, "user_id": "837384169235546164"}, {"name": "GpoC", "roles": [], "id": "913463519276564480", "require_colons": true, "managed": false, "animated": false, "available": true, "user_id": "837384169235546164"}, {"name": "CriticalBug", "roles": [], "id": "913463992763162624", "require_colons": true, "managed": false, "animated": false, "available": true, "user_id": "837384169235546164"}, {"name": "op1", "roles": [], "id": "913466471701704784", "require_colons": true, "managed": false, "animated": false, "available": true, "user_id": "837384169235546164"}, {"name": "op4", "roles": [], "id": "913466472154665010", "require_colons": true, "managed": false, "animated": false, "available": true, "user_id": "837384169235546164"}, {"name": "op2", "roles": [], "id": "913466472192413726", "require_colons": true, "managed": false, "animated": false, "available": true, "user_id": "837384169235546164"}, {"name": "op5", "roles": [], "id": "913466473786253352", "require_colons": true, "managed": false, "animated": false, "available": true, "user_id": "837384169235546164"}, {"name": "op6", "roles": [], "id": "913466518338162710", "require_colons": true, "managed": false, "animated": false, "available": true, "user_id": "837384169235546164"}, {"name": "op3", "roles": [], "id": "913466543415918592", "require_colons": true, "managed": false, "animated": false, "available": true, "user_id": "837384169235546164"}]