{"id": "858700644679155783", "name": "CaveCraft", "description": null, "icon_hash": "5baa89ed79c488b6d2204b9a0fd1b146", "splash_hash": "c1f474dcf317e2007be5aca2a960c0c1", "banner_hash": null, "owner_id": "837384169235546164", "application_id": null, "emoji_rev": "913467882900451429", "region": "europe", "afk_channel_id": null, "afk_timeout": 300, "system_channel_id": "859161962549739550", "widget_enabled": true, "widget_channel_id": null, "verification_level": 3, "features": ["NEW_THREAD_PERMISSIONS", "THREE_DAY_THREAD_ARCHIVE", "COMMUNITY", "MEMBER_VERIFICATION_GATE_ENABLED", "ANIMATED_ICON", "PREVIEW_ENABLED", "WELCOME_SCREEN_ENABLED", "THREADS_ENABLED", "INVITE_SPLASH", "NEWS"], "default_message_notifications": 1, "mfa_level": 0, "max_presences": null, "max_members": 250000, "vanity_url_code": null, "explicit_content_filter": 2, "system_channel_flags": 0, "preferred_locale": "de", "discovery_splash_hash": null, "rules_channel_id": "887694268414701578", "public_updates_channel_id": "887694268414701579", "sticker_rev": "913500108576919634", "roles": {"858700644679155783": {"id": "858700644679155783", "name": "@everyone", "permissions": "549823251456", "position": 0, "color": 0, "hoist": false, "managed": false, "mentionable": false, "icon": null, "unicode_emoji": null}, "858700808061059073": {"id": "858700808061059073", "name": "VIP", "permissions": "382356393792", "position": 14, "color": 5635925, "hoist": true, "managed": false, "mentionable": true, "icon": null, "unicode_emoji": null}, "858701265981931530": {"id": "858701265981931530", "name": "Buddy", "permissions": "384503893825", "position": 19, "color": 43690, "hoist": true, "managed": false, "mentionable": true, "icon": null, "unicode_emoji": null}, "858701975675338752": {"id": "858701975675338752", "name": "Staff", "permissions": "384667483975", "position": 20, "color": 16733695, "hoist": true, "managed": false, "mentionable": true, "icon": null, "unicode_emoji": null}, "858702507592777779": {"id": "858702507592777779", "name": "Admin", "permissions": "385204355039", "position": 21, "color": 16733525, "hoist": true, "managed": false, "mentionable": false, "icon": null, "unicode_emoji": null}, "858702909969793054": {"id": "858702909969793054", "name": "Owner", "permissions": "111668625375", "position": 22, "color": 11141120, "hoist": true, "managed": false, "mentionable": false, "icon": null, "unicode_emoji": null}, "858709012839923723": {"id": "858709012839923723", "name": "Not Quite Nitro", "permissions": "1610968128", "position": 10, "color": 0, "hoist": false, "managed": true, "mentionable": false, "icon": null, "unicode_emoji": null, "tags": {"bot_id": "559426966151757824"}}, "858712070353977418": {"id": "858712070353977418", "name": "Bot", "permissions": "539525377647", "position": 12, "color": 5793266, "hoist": true, "managed": false, "mentionable": false, "icon": null, "unicode_emoji": null}, "858713627678081096": {"id": "858713627678081096", "name": "MEE6", "permissions": "137224514655", "position": 9, "color": 0, "hoist": false, "managed": true, "mentionable": false, "icon": null, "unicode_emoji": null, "tags": {"bot_id": "159985870458322944"}}, "859097969801822269": {"id": "859097969801822269", "name": "Custom Command", "permissions": "268561655", "position": 8, "color": 0, "hoist": false, "managed": true, "mentionable": false, "icon": null, "unicode_emoji": null, "tags": {"bot_id": "725721249652670555"}}, "859114327533551637": {"id": "859114327533551637", "name": "My Voice", "permissions": "3088", "position": 7, "color": 0, "hoist": false, "managed": true, "mentionable": false, "icon": null, "unicode_emoji": null, "tags": {"bot_id": "731783866834092032"}}, "859149244261728256": {"id": "859149244261728256", "name": "Minecraft", "permissions": "1024", "position": 6, "color": 0, "hoist": false, "managed": false, "mentionable": false, "icon": null, "unicode_emoji": null}, "866736453861244930": {"id": "866736453861244930", "name": "MVP", "permissions": "244917309248", "position": 15, "color": 5636095, "hoist": true, "managed": false, "mentionable": true, "icon": null, "unicode_emoji": null}, "887698005375991808": {"id": "887698005375991808", "name": "Regeln akzeptiert", "permissions": "934259396160", "position": 5, "color": 0, "hoist": false, "managed": false, "mentionable": false, "icon": null, "unicode_emoji": null}, "887699576914587688": {"id": "887699576914587688", "name": "Regeln abgelehnt", "permissions": "549822923776", "position": 4, "color": 0, "hoist": false, "managed": false, "mentionable": false, "icon": null, "unicode_emoji": null}, "887719342148583426": {"id": "887719342148583426", "name": "Temp BOT", "permissions": "1946479705", "position": 11, "color": 0, "hoist": false, "managed": true, "mentionable": false, "icon": null, "unicode_emoji": null, "tags": {"bot_id": "707045569713143829"}}, "893166656828866593": {"id": "893166656828866593", "name": "Booster Bot", "permissions": "1343581297", "position": 18, "color": 0, "hoist": false, "managed": true, "mentionable": false, "icon": null, "unicode_emoji": null, "tags": {"bot_id": "797339074146205706"}}, "895369292697186365": {"id": "895369292697186365", "name": "Ticket Tool", "permissions": "2952915024", "position": 3, "color": 0, "hoist": false, "managed": true, "mentionable": false, "icon": null, "unicode_emoji": null, "tags": {"bot_id": "557628352828014614"}}, "901389988015525889": {"id": "901389988015525889", "name": "Embed Generator", "permissions": "536870912", "position": 2, "color": 0, "hoist": false, "managed": true, "mentionable": false, "icon": null, "unicode_emoji": null, "tags": {"bot_id": "410138706490425344"}}, "901893270169354301": {"id": "901893270169354301", "name": "GiveawayBot", "permissions": "347200", "position": 1, "color": 0, "hoist": false, "managed": true, "mentionable": false, "icon": null, "unicode_emoji": null, "tags": {"bot_id": "294882584201003009"}}, "902974341506011146": {"id": "902974341506011146", "name": "Bot Wei\u00df", "permissions": "1086560660735", "position": 13, "color": 16777215, "hoist": false, "managed": false, "mentionable": false, "icon": null, "unicode_emoji": null}, "912726079159017533": {"id": "912726079159017533", "name": "Server Booster", "permissions": "549823251456", "position": 16, "color": 16023551, "hoist": true, "managed": true, "mentionable": true, "icon": null, "unicode_emoji": null, "tags": {"premium_subscriber": null}}, "913842040981315605": {"id": "913842040981315605", "name": "_ReweBooster", "permissions": "0", "position": 17, "color": 11131023, "hoist": false, "managed": false, "mentionable": false, "icon": null, "unicode_emoji": null}}, "custom_regions": {}}