{
	"credit": "Made with Blockbench",
	"parent": "block/cube",
	"textures": {
		"1": "block/magenta",
		"2": "block/magenta_circle",
		"particle": "block/magenta_glazed_terracotta",
		"pattern": "block/magenta_glazed_terracotta"
	},
	"elements": [
		{
			"from": [0, 0, 0],
			"to": [16, 16, 16],
			"faces": {
				"north": {"uv": [16, 0, 0, 16], "texture": "#pattern", "cullface": "north"},
				"east": {"uv": [0, 0, 16, 16], "texture": "#pattern", "cullface": "east"},
				"south": {"uv": [0, 0, 16, 16], "texture": "#pattern", "cullface": "south"},
				"west": {"uv": [0, 0, 16, 16], "texture": "#pattern", "cullface": "west"},
				"up": {"uv": [0, 0, 16, 16], "texture": "#2", "cullface": "up"},
				"down": {"uv": [0, 16, 16, 0], "texture": "#1", "cullface": "down"}
			}
		}
	],
	"display": {
		"firstperson_righthand": {
			"rotation": [0, 135, 0],
			"scale": [0.4, 0.4, 0.4]
		}
	},
	"groups": [
		{
			"name": "template_glazed_terracotta",
			"origin": [8, 8, 8],
			"color": 0,
			"children": [0]
		}
	]
}