{
	"credit": "Made with Blockbench",
	"textures": {
		"0": "block/spruce_planks",
		"1": "block/smooth_stone",
		"2": "block/cauldron_inner",
		"3": "block/gold_block",
		"particle": "block/cauldron_inner"
	},
	"elements": [
		{
			"from": [2, 1, 2],
			"to": [14, 3, 14],
			"faces": {
				"north": {"uv": [1, 1, 13, 3], "texture": "#1"},
				"east": {"uv": [1, 1, 13, 3], "texture": "#1"},
				"south": {"uv": [1, 1, 13, 3], "texture": "#1"},
				"west": {"uv": [1, 1, 13, 3], "texture": "#1"},
				"up": {"uv": [1, 1, 13, 13], "texture": "#1"},
				"down": {"uv": [1, 1, 13, 13], "texture": "#1"}
			}
		},
		{
			"from": [6, 3, 6],
			"to": [10, 4, 10],
			"faces": {
				"north": {"uv": [1, 1, 5, 2], "texture": "#1"},
				"east": {"uv": [1, 1, 5, 2], "texture": "#1"},
				"south": {"uv": [1, 1, 5, 2], "texture": "#1"},
				"west": {"uv": [1, 1, 5, 2], "texture": "#1"},
				"up": {"uv": [1, 1, 5, 5], "texture": "#1"},
				"down": {"uv": [1, 1, 5, 5], "texture": "#1"}
			}
		},
		{
			"from": [13, 1, 13],
			"to": [15, 2, 15],
			"faces": {
				"north": {"uv": [0, 0, 2, 1], "texture": "#0"},
				"east": {"uv": [0, 0, 2, 1], "texture": "#0"},
				"south": {"uv": [0, 0, 2, 1], "texture": "#0"},
				"west": {"uv": [0, 0, 2, 1], "texture": "#0"},
				"up": {"uv": [0, 0, 2, 2], "texture": "#0"},
				"down": {"uv": [0, 0, 2, 2], "texture": "#0"}
			}
		},
		{
			"from": [1, 1, 13],
			"to": [3, 2, 15],
			"faces": {
				"north": {"uv": [0, 0, 2, 1], "texture": "#0"},
				"east": {"uv": [0, 0, 2, 1], "texture": "#0"},
				"south": {"uv": [0, 0, 2, 1], "texture": "#0"},
				"west": {"uv": [0, 0, 2, 1], "texture": "#0"},
				"up": {"uv": [0, 0, 2, 2], "texture": "#0"},
				"down": {"uv": [0, 0, 2, 2], "texture": "#0"}
			}
		},
		{
			"from": [13, 1, 1],
			"to": [15, 2, 3],
			"faces": {
				"north": {"uv": [0, 0, 2, 1], "texture": "#0"},
				"east": {"uv": [0, 0, 2, 1], "texture": "#0"},
				"south": {"uv": [0, 0, 2, 1], "texture": "#0"},
				"west": {"uv": [0, 0, 2, 1], "texture": "#0"},
				"up": {"uv": [0, 0, 2, 2], "texture": "#0"},
				"down": {"uv": [0, 0, 2, 2], "texture": "#0"}
			}
		},
		{
			"from": [1, 1, 1],
			"to": [3, 2, 3],
			"faces": {
				"north": {"uv": [0, 0, 2, 1], "texture": "#0"},
				"east": {"uv": [0, 0, 2, 1], "texture": "#0"},
				"south": {"uv": [0, 0, 2, 1], "texture": "#0"},
				"west": {"uv": [0, 0, 2, 1], "texture": "#0"},
				"up": {"uv": [0, 0, 2, 2], "texture": "#0"},
				"down": {"uv": [0, 0, 2, 2], "texture": "#0"}
			}
		},
		{
			"from": [13, 0, 13],
			"to": [16, 1, 16],
			"faces": {
				"north": {"uv": [0, 0, 3, 1], "texture": "#0"},
				"east": {"uv": [0, 0, 3, 1], "texture": "#0"},
				"south": {"uv": [0, 0, 3, 1], "texture": "#0"},
				"west": {"uv": [0, 0, 3, 1], "texture": "#0"},
				"up": {"uv": [0, 0, 3, 3], "texture": "#0"},
				"down": {"uv": [0, 0, 3, 3], "texture": "#0"}
			}
		},
		{
			"from": [0, 0, 13],
			"to": [3, 1, 16],
			"faces": {
				"north": {"uv": [0, 0, 3, 1], "texture": "#0"},
				"east": {"uv": [0, 0, 3, 1], "texture": "#0"},
				"south": {"uv": [0, 0, 3, 1], "texture": "#0"},
				"west": {"uv": [0, 0, 3, 1], "texture": "#0"},
				"up": {"uv": [0, 0, 3, 3], "texture": "#0"},
				"down": {"uv": [0, 0, 3, 3], "texture": "#0"}
			}
		},
		{
			"from": [13, 0, 0],
			"to": [16, 1, 3],
			"faces": {
				"north": {"uv": [0, 0, 3, 1], "texture": "#0"},
				"east": {"uv": [0, 0, 3, 1], "texture": "#0"},
				"south": {"uv": [0, 0, 3, 1], "texture": "#0"},
				"west": {"uv": [0, 0, 3, 1], "texture": "#0"},
				"up": {"uv": [0, 0, 3, 3], "texture": "#0"},
				"down": {"uv": [0, 0, 3, 3], "texture": "#0"}
			}
		},
		{
			"from": [0, 0, 0],
			"to": [3, 1, 3],
			"faces": {
				"north": {"uv": [0, 0, 3, 1], "texture": "#0"},
				"east": {"uv": [0, 0, 3, 1], "texture": "#0"},
				"south": {"uv": [0, 0, 3, 1], "texture": "#0"},
				"west": {"uv": [0, 0, 3, 1], "texture": "#0"},
				"up": {"uv": [0, 0, 3, 3], "texture": "#0"},
				"down": {"uv": [0, 0, 3, 3], "texture": "#0"}
			}
		},
		{
			"from": [6, 4, 1],
			"to": [10, 5, 14],
			"rotation": {"angle": -45, "axis": "y", "origin": [7, 7, 8]},
			"faces": {
				"north": {"uv": [0, 0, 4, 1], "texture": "#2"},
				"east": {"uv": [0, 0, 13, 1], "texture": "#2"},
				"south": {"uv": [0, 0, 4, 1], "texture": "#2"},
				"west": {"uv": [0, 0, 13, 1], "texture": "#2"},
				"up": {"uv": [0, 0, 13, 4], "rotation": 90, "texture": "#2"},
				"down": {"uv": [0, 0, 13, 4], "rotation": 270, "texture": "#2"}
			}
		},
		{
			"from": [6, 9, 1],
			"to": [10, 10, 14],
			"rotation": {"angle": -45, "axis": "y", "origin": [7, 7, 8]},
			"faces": {
				"north": {"uv": [0, 0, 4, 1], "texture": "#2"},
				"east": {"uv": [0, 0, 13, 1], "texture": "#2"},
				"south": {"uv": [0, 0, 4, 1], "texture": "#2"},
				"west": {"uv": [0, 0, 13, 1], "texture": "#2"},
				"up": {"uv": [0, 0, 13, 4], "rotation": 90, "texture": "#2"},
				"down": {"uv": [0, 0, 13, 4], "rotation": 270, "texture": "#2"}
			}
		},
		{
			"from": [10, 5, 1],
			"to": [11, 9, 14],
			"rotation": {"angle": -45, "axis": "y", "origin": [7, 7, 8]},
			"faces": {
				"north": {"uv": [0, 0, 1, 4], "texture": "#2"},
				"east": {"uv": [0, 0, 13, 4], "texture": "#2"},
				"south": {"uv": [0, 0, 1, 4], "texture": "#2"},
				"west": {"uv": [0, 0, 13, 4], "texture": "#2"},
				"up": {"uv": [0, 0, 13, 1], "rotation": 90, "texture": "#2"},
				"down": {"uv": [0, 0, 13, 1], "rotation": 270, "texture": "#2"}
			}
		},
		{
			"from": [5, 5, 1],
			"to": [6, 9, 14],
			"rotation": {"angle": -45, "axis": "y", "origin": [7, 7, 8]},
			"faces": {
				"north": {"uv": [0, 0, 1, 4], "texture": "#2"},
				"east": {"uv": [0, 0, 13, 4], "texture": "#2"},
				"south": {"uv": [0, 0, 1, 4], "texture": "#2"},
				"west": {"uv": [0, 0, 13, 4], "texture": "#2"},
				"up": {"uv": [0, 0, 13, 1], "rotation": 90, "texture": "#2"},
				"down": {"uv": [0, 0, 13, 1], "rotation": 270, "texture": "#2"}
			}
		},
		{
			"from": [6, 5, 14],
			"to": [10, 9, 15],
			"rotation": {"angle": -45, "axis": "y", "origin": [7, 7, 8]},
			"faces": {
				"north": {"uv": [0, 0, 4, 4], "texture": "#2"},
				"east": {"uv": [0, 0, 1, 4], "texture": "#2"},
				"south": {"uv": [0, 0, 4, 4], "texture": "#2"},
				"west": {"uv": [0, 0, 1, 4], "texture": "#2"},
				"up": {"uv": [0, 0, 1, 4], "rotation": 90, "texture": "#2"},
				"down": {"uv": [0, 0, 1, 4], "rotation": 270, "texture": "#2"}
			}
		},
		{
			"from": [7, 6, 15],
			"to": [9, 8, 16],
			"rotation": {"angle": -45, "axis": "y", "origin": [7, 7, 8]},
			"faces": {
				"north": {"uv": [0, 0, 2, 2], "texture": "#2"},
				"east": {"uv": [0, 0, 1, 2], "texture": "#2"},
				"south": {"uv": [0, 0, 2, 2], "texture": "#2"},
				"west": {"uv": [0, 0, 1, 2], "texture": "#2"},
				"up": {"uv": [0, 0, 1, 2], "rotation": 90, "texture": "#2"},
				"down": {"uv": [0, 0, 1, 2], "rotation": 270, "texture": "#2"}
			}
		},
		{
			"from": [13, 5, 5],
			"to": [14, 9, 6],
			"rotation": {"angle": 45, "axis": "y", "origin": [7, 7, 8]},
			"faces": {
				"north": {"uv": [0, 0, 1, 4], "texture": "#2"},
				"east": {"uv": [0, 0, 1, 4], "texture": "#2"},
				"south": {"uv": [0, 0, 1, 4], "texture": "#2"},
				"west": {"uv": [0, 0, 1, 4], "texture": "#2"},
				"up": {"uv": [0, 0, 1, 1], "rotation": 180, "texture": "#2"},
				"down": {"uv": [0, 0, 1, 1], "rotation": 180, "texture": "#2"}
			}
		},
		{
			"from": [13, 5, 12],
			"to": [14, 9, 13],
			"rotation": {"angle": 45, "axis": "y", "origin": [7, 7, 8]},
			"faces": {
				"north": {"uv": [0, 0, 1, 4], "texture": "#2"},
				"east": {"uv": [0, 0, 1, 4], "texture": "#2"},
				"south": {"uv": [0, 0, 1, 4], "texture": "#2"},
				"west": {"uv": [0, 0, 1, 4], "texture": "#2"},
				"up": {"uv": [0, 0, 1, 1], "rotation": 180, "texture": "#2"},
				"down": {"uv": [0, 0, 1, 1], "rotation": 180, "texture": "#2"}
			}
		},
		{
			"from": [13, 3, 7],
			"to": [14, 4, 11],
			"rotation": {"angle": 45, "axis": "y", "origin": [7, 7, 8]},
			"faces": {
				"north": {"uv": [0, 0, 1, 1], "texture": "#2"},
				"east": {"uv": [0, 0, 4, 1], "texture": "#2"},
				"south": {"uv": [0, 0, 1, 1], "texture": "#2"},
				"west": {"uv": [0, 0, 4, 1], "texture": "#2"},
				"up": {"uv": [0, 0, 1, 4], "rotation": 180, "texture": "#2"},
				"down": {"uv": [0, 0, 1, 4], "rotation": 180, "texture": "#2"}
			}
		},
		{
			"from": [13, 10, 7],
			"to": [14, 11, 11],
			"rotation": {"angle": 45, "axis": "y", "origin": [7, 7, 8]},
			"faces": {
				"north": {"uv": [0, 0, 1, 1], "texture": "#2"},
				"east": {"uv": [0, 0, 4, 1], "texture": "#2"},
				"south": {"uv": [0, 0, 1, 1], "texture": "#2"},
				"west": {"uv": [0, 0, 4, 1], "texture": "#2"},
				"up": {"uv": [0, 0, 1, 4], "rotation": 180, "texture": "#2"},
				"down": {"uv": [0, 0, 1, 4], "rotation": 180, "texture": "#2"}
			}
		},
		{
			"from": [13, 9, 11],
			"to": [14, 10, 12],
			"rotation": {"angle": 45, "axis": "y", "origin": [7, 7, 8]},
			"faces": {
				"north": {"uv": [0, 0, 1, 1], "texture": "#2"},
				"east": {"uv": [0, 0, 1, 1], "texture": "#2"},
				"south": {"uv": [0, 0, 1, 1], "texture": "#2"},
				"west": {"uv": [0, 0, 1, 1], "texture": "#2"},
				"up": {"uv": [0, 0, 1, 1], "rotation": 180, "texture": "#2"},
				"down": {"uv": [0, 0, 1, 1], "rotation": 180, "texture": "#2"}
			}
		},
		{
			"from": [13, 9, 6],
			"to": [14, 10, 7],
			"rotation": {"angle": 45, "axis": "y", "origin": [7, 7, 8]},
			"faces": {
				"north": {"uv": [0, 0, 1, 1], "texture": "#2"},
				"east": {"uv": [0, 0, 1, 1], "texture": "#2"},
				"south": {"uv": [0, 0, 1, 1], "texture": "#2"},
				"west": {"uv": [0, 0, 1, 1], "texture": "#2"},
				"up": {"uv": [0, 0, 1, 1], "rotation": 180, "texture": "#2"},
				"down": {"uv": [0, 0, 1, 1], "rotation": 180, "texture": "#2"}
			}
		},
		{
			"from": [13, 4, 11],
			"to": [14, 5, 12],
			"rotation": {"angle": 45, "axis": "y", "origin": [7, 7, 8]},
			"faces": {
				"north": {"uv": [0, 0, 1, 1], "texture": "#2"},
				"east": {"uv": [0, 0, 1, 1], "texture": "#2"},
				"south": {"uv": [0, 0, 1, 1], "texture": "#2"},
				"west": {"uv": [0, 0, 1, 1], "texture": "#2"},
				"up": {"uv": [0, 0, 1, 1], "rotation": 180, "texture": "#2"},
				"down": {"uv": [0, 0, 1, 1], "rotation": 180, "texture": "#2"}
			}
		},
		{
			"from": [13, 4, 6],
			"to": [14, 5, 7],
			"rotation": {"angle": 45, "axis": "y", "origin": [7, 7, 8]},
			"faces": {
				"north": {"uv": [0, 0, 1, 1], "texture": "#2"},
				"east": {"uv": [0, 0, 1, 1], "texture": "#2"},
				"south": {"uv": [0, 0, 1, 1], "texture": "#2"},
				"west": {"uv": [0, 0, 1, 1], "texture": "#2"},
				"up": {"uv": [0, 0, 1, 1], "rotation": 180, "texture": "#2"},
				"down": {"uv": [0, 0, 1, 1], "rotation": 180, "texture": "#2"}
			}
		},
		{
			"from": [11, 5, 13],
			"to": [12, 9, 14],
			"rotation": {"angle": -45, "axis": "y", "origin": [7, 7, 8]},
			"faces": {
				"north": {"uv": [0, 0, 1, 4], "texture": "#2"},
				"east": {"uv": [0, 0, 1, 4], "texture": "#2"},
				"south": {"uv": [0, 0, 1, 4], "texture": "#2"},
				"west": {"uv": [0, 0, 1, 4], "texture": "#2"},
				"up": {"uv": [0, 0, 1, 1], "rotation": 90, "texture": "#2"},
				"down": {"uv": [0, 0, 1, 1], "rotation": 270, "texture": "#2"}
			}
		},
		{
			"from": [4, 5, 13],
			"to": [5, 9, 14],
			"rotation": {"angle": -45, "axis": "y", "origin": [7, 7, 8]},
			"faces": {
				"north": {"uv": [0, 0, 1, 4], "texture": "#2"},
				"east": {"uv": [0, 0, 1, 4], "texture": "#2"},
				"south": {"uv": [0, 0, 1, 4], "texture": "#2"},
				"west": {"uv": [0, 0, 1, 4], "texture": "#2"},
				"up": {"uv": [0, 0, 1, 1], "rotation": 90, "texture": "#2"},
				"down": {"uv": [0, 0, 1, 1], "rotation": 270, "texture": "#2"}
			}
		},
		{
			"from": [5, 4, 13],
			"to": [6, 5, 14],
			"rotation": {"angle": -45, "axis": "y", "origin": [7, 7, 8]},
			"faces": {
				"north": {"uv": [0, 0, 1, 1], "texture": "#2"},
				"east": {"uv": [0, 0, 1, 1], "texture": "#2"},
				"south": {"uv": [0, 0, 1, 1], "texture": "#2"},
				"west": {"uv": [0, 0, 1, 1], "texture": "#2"},
				"up": {"uv": [0, 0, 1, 1], "rotation": 90, "texture": "#2"},
				"down": {"uv": [0, 0, 1, 1], "rotation": 270, "texture": "#2"}
			}
		},
		{
			"from": [5, 9, 13],
			"to": [6, 10, 14],
			"rotation": {"angle": -45, "axis": "y", "origin": [7, 7, 8]},
			"faces": {
				"north": {"uv": [0, 0, 1, 1], "texture": "#2"},
				"east": {"uv": [0, 0, 1, 1], "texture": "#2"},
				"south": {"uv": [0, 0, 1, 1], "texture": "#2"},
				"west": {"uv": [0, 0, 1, 1], "texture": "#2"},
				"up": {"uv": [0, 0, 1, 1], "rotation": 90, "texture": "#2"},
				"down": {"uv": [0, 0, 1, 1], "rotation": 270, "texture": "#2"}
			}
		},
		{
			"from": [6, 3, 13],
			"to": [10, 4, 14],
			"rotation": {"angle": -45, "axis": "y", "origin": [7, 7, 8]},
			"faces": {
				"north": {"uv": [0, 0, 4, 1], "texture": "#2"},
				"east": {"uv": [0, 0, 1, 1], "texture": "#2"},
				"south": {"uv": [0, 0, 4, 1], "texture": "#2"},
				"west": {"uv": [0, 0, 1, 1], "texture": "#2"},
				"up": {"uv": [0, 0, 1, 4], "rotation": 90, "texture": "#2"},
				"down": {"uv": [0, 0, 1, 4], "rotation": 270, "texture": "#2"}
			}
		},
		{
			"from": [6, 10, 13],
			"to": [10, 11, 14],
			"rotation": {"angle": -45, "axis": "y", "origin": [7, 7, 8]},
			"faces": {
				"north": {"uv": [0, 0, 4, 1], "texture": "#2"},
				"east": {"uv": [0, 0, 1, 1], "texture": "#2"},
				"south": {"uv": [0, 0, 4, 1], "texture": "#2"},
				"west": {"uv": [0, 0, 1, 1], "texture": "#2"},
				"up": {"uv": [0, 0, 1, 4], "rotation": 90, "texture": "#2"},
				"down": {"uv": [0, 0, 1, 4], "rotation": 270, "texture": "#2"}
			}
		},
		{
			"from": [10, 9, 13],
			"to": [11, 10, 14],
			"rotation": {"angle": -45, "axis": "y", "origin": [7, 7, 8]},
			"faces": {
				"north": {"uv": [0, 0, 1, 1], "texture": "#2"},
				"east": {"uv": [0, 0, 1, 1], "texture": "#2"},
				"south": {"uv": [0, 0, 1, 1], "texture": "#2"},
				"west": {"uv": [0, 0, 1, 1], "texture": "#2"},
				"up": {"uv": [0, 0, 1, 1], "rotation": 90, "texture": "#2"},
				"down": {"uv": [0, 0, 1, 1], "rotation": 270, "texture": "#2"}
			}
		},
		{
			"from": [10, 4, 13],
			"to": [11, 5, 14],
			"rotation": {"angle": -45, "axis": "y", "origin": [7, 7, 8]},
			"faces": {
				"north": {"uv": [0, 0, 1, 1], "texture": "#2"},
				"east": {"uv": [0, 0, 1, 1], "texture": "#2"},
				"south": {"uv": [0, 0, 1, 1], "texture": "#2"},
				"west": {"uv": [0, 0, 1, 1], "texture": "#2"},
				"up": {"uv": [0, 0, 1, 1], "rotation": 90, "texture": "#2"},
				"down": {"uv": [0, 0, 1, 1], "rotation": 270, "texture": "#2"}
			}
		},
		{
			"from": [11, 5, 8],
			"to": [12, 9, 9],
			"rotation": {"angle": -45, "axis": "y", "origin": [7, 7, 8]},
			"faces": {
				"north": {"uv": [10, 11, 11, 15], "texture": "#3"},
				"east": {"uv": [14, 11, 15, 15], "texture": "#3"},
				"south": {"uv": [11, 11, 12, 15], "texture": "#3"},
				"west": {"uv": [13, 11, 14, 15], "texture": "#3"},
				"up": {"uv": [12, 11, 13, 12], "rotation": 90, "texture": "#3"},
				"down": {"uv": [9, 11, 10, 12], "rotation": 270, "texture": "#3"}
			}
		},
		{
			"from": [4, 5, 8],
			"to": [5, 9, 9],
			"rotation": {"angle": -45, "axis": "y", "origin": [7, 7, 8]},
			"faces": {
				"north": {"uv": [10, 11, 11, 15], "texture": "#3"},
				"east": {"uv": [14, 11, 15, 15], "texture": "#3"},
				"south": {"uv": [11, 11, 12, 15], "texture": "#3"},
				"west": {"uv": [13, 11, 14, 15], "texture": "#3"},
				"up": {"uv": [12, 11, 13, 12], "rotation": 90, "texture": "#3"},
				"down": {"uv": [9, 11, 10, 12], "rotation": 270, "texture": "#3"}
			}
		},
		{
			"from": [6, 10, 8],
			"to": [10, 11, 9],
			"rotation": {"angle": -45, "axis": "y", "origin": [7, 7, 8]},
			"faces": {
				"north": {"uv": [10, 11, 14, 12], "texture": "#3"},
				"east": {"uv": [14, 11, 15, 12], "texture": "#3"},
				"south": {"uv": [11, 11, 15, 12], "texture": "#3"},
				"west": {"uv": [13, 11, 14, 12], "texture": "#3"},
				"up": {"uv": [12, 11, 13, 15], "rotation": 90, "texture": "#3"},
				"down": {"uv": [9, 11, 10, 15], "rotation": 270, "texture": "#3"}
			}
		},
		{
			"from": [5, 9, 8],
			"to": [6, 10, 9],
			"rotation": {"angle": -45, "axis": "y", "origin": [7, 7, 8]},
			"faces": {
				"north": {"uv": [10, 11, 11, 12], "texture": "#3"},
				"east": {"uv": [14, 11, 15, 12], "texture": "#3"},
				"south": {"uv": [11, 11, 12, 12], "texture": "#3"},
				"west": {"uv": [13, 11, 14, 12], "texture": "#3"},
				"up": {"uv": [12, 11, 13, 12], "rotation": 90, "texture": "#3"},
				"down": {"uv": [9, 11, 10, 12], "rotation": 270, "texture": "#3"}
			}
		},
		{
			"from": [5, 4, 8],
			"to": [6, 5, 9],
			"rotation": {"angle": -45, "axis": "y", "origin": [7, 7, 8]},
			"faces": {
				"north": {"uv": [10, 11, 11, 12], "texture": "#3"},
				"east": {"uv": [14, 11, 15, 12], "texture": "#3"},
				"south": {"uv": [11, 11, 12, 12], "texture": "#3"},
				"west": {"uv": [13, 11, 14, 12], "texture": "#3"},
				"up": {"uv": [12, 11, 13, 12], "rotation": 90, "texture": "#3"},
				"down": {"uv": [9, 11, 10, 12], "rotation": 270, "texture": "#3"}
			}
		},
		{
			"from": [10, 4, 8],
			"to": [11, 5, 9],
			"rotation": {"angle": -45, "axis": "y", "origin": [7, 7, 8]},
			"faces": {
				"north": {"uv": [10, 11, 11, 12], "texture": "#3"},
				"east": {"uv": [14, 11, 15, 12], "texture": "#3"},
				"south": {"uv": [11, 11, 12, 12], "texture": "#3"},
				"west": {"uv": [13, 11, 14, 12], "texture": "#3"},
				"up": {"uv": [12, 11, 13, 12], "rotation": 90, "texture": "#3"},
				"down": {"uv": [9, 11, 10, 12], "rotation": 270, "texture": "#3"}
			}
		},
		{
			"from": [10, 9, 8],
			"to": [11, 10, 9],
			"rotation": {"angle": -45, "axis": "y", "origin": [7, 7, 8]},
			"faces": {
				"north": {"uv": [10, 11, 11, 12], "texture": "#3"},
				"east": {"uv": [14, 11, 15, 12], "texture": "#3"},
				"south": {"uv": [11, 11, 12, 12], "texture": "#3"},
				"west": {"uv": [13, 11, 14, 12], "texture": "#3"},
				"up": {"uv": [12, 11, 13, 12], "rotation": 90, "texture": "#3"},
				"down": {"uv": [9, 11, 10, 12], "rotation": 270, "texture": "#3"}
			}
		}
	],
	"groups": [
		0,
		1,
		{
			"name": "group",
			"origin": [0, 0, 0],
			"color": 0,
			"children": [2, 3, 4, 5, 6, 7, 8, 9]
		},
		{
			"name": "group",
			"origin": [0, 0, 0],
			"color": 0,
			"children": [10, 11, 12, 13, 14, 15]
		},
		{
			"name": "group",
			"origin": [0, 0, 0],
			"color": 0,
			"children": [16, 17, 18, 19, 20, 21, 22, 23]
		},
		{
			"name": "group",
			"origin": [8, 8, 8],
			"color": 0,
			"children": [24, 25, 26, 27, 28, 29, 30, 31]
		},
		{
			"name": "group",
			"origin": [8, 8, 8],
			"color": 0,
			"children": [32, 33, 34, 35, 36, 37, 38]
		}
	]
}