{
    "parent": "builtin/generated",
    "display": {
        "ground": {
            "rotation": [ 0, 0, 0 ],
            "translation": [ 0, 2, 0],
            "scale":[ 0.8, 0.8, 0.8 ]
        },
        "head": {
            "rotation": [ 0, 180, 0 ],
            "translation": [ 0, 13, 7],
            "scale":[ 1.3, 1.3, 1.3 ]
        },
        "thirdperson_righthand": {
            "rotation": [ 0, 0, 0 ],
            "translation": [ 0, 3, 1 ],
            "scale": [ 0.85, 0.85, 0.85 ]
        },
        "firstperson_righthand": {
            "rotation": [ 0, -90, 25 ],
            "translation": [ 1.13, 3.2, 1.13],
            "scale": [ 0.98, 0.98, 0.98 ]
        },
        "fixed": {
            "rotation": [ 0, 180, 0 ],
            "scale": [ 1.3, 1.3, 1.3 ]
        },
        "gui": {
            "scale": [ 1.15, 1.15, 1.15 ]
        }
    }
}